Tanggal,Target Vaksinasi Tenaga Kesehatan,Vaksinasi 1 Tenaga Kesehatan,Vaksinasi 2 Tenaga Kesehatan,Target Vaksinasi Lansia,Vaksinasi 1 Lansia,Vaksinasi 2 Lansia,Target Vaksinasi Pelayanan Publik,Vaksinasi 1 Pelayanan Publik,Vaksinasi 2 Pelayanan Publik,Total Target Vaksinasi ,Total Vaksinasi 1,Total Vaksinasi 2
5 March 2021,112301,141425,91078,911631,76451,0,1976757,64121,0,3000689,281997,91078
6 March 2021,112301,144046,91379,911631,79421,0,1976757,66484,0,3000689,289951,91379
7 March 2021,112301,177126,91460,911631,83628,0,1976757,73752,2514,3000689,334506,93974
8 March 2021,112301,181237,92988,911631,95140,1,1976757,85333,3989,3000689,361710,96978
9 March 2021,112301,113326,89984,911631,135128,675,1976757,174685,29195,3000689,423139,119854
10 March 2021,112301,116791,90681,911631,154251,1100,1976757,202452,17773,3000689,473494,109554
11 March 2021,112301,116823,90693,911631,154915,1103,1976757,211754,17903,3000689,483492,109699
12 March 2021,112301,118086,91521,911631,167086,1291,1976757,234403,20226,3000689,519575,113038
13 March 2021,112301,118283,91748,911631,174327,1444,1976757,245355,21272,3000689,537965,114464
14 March 2021,112301,118301,91764,911631,179024,1444,1976757,252763,21413,3000689,550088,114621
15 March 2021,112301,118983,92579,911631,197743,1620,1976757,282970,29871,3000689,599696,124070
16 March 2021,112301,119531,93559,911631,216011,1754,1976757,312415,43891,3000689,647957,139204
17 March 2021,112301,120003,94619,911631,236230,1963,1976757,336132,63154,3000689,692365,159736
18 March 2021,112301,120608,99980,911631,257159,2040,1976757,356592,82412,3000689,734359,184432
19 March 2021,112301,121260,97465,911631,280221,2168,1976757,409121,99709,3000689,810602,199342
20 March 2021,112301,121373,97612,911631,287749,2585,1976757,415447,103069,3000689,824569,203266
21 March 2021,112301,121483,97660,911631,296700,2696,1976757,428256,103939,3000689,846439,204295
22 March 2021,112301,121834,98956,911631,314312,5263,1976757,443083,124036,3000689,879229,228255
23 March 2021,112301,122199,100218,911631,337760,9693,1976757,465428,148494,3000689,925387,258405
24 March 2021,112301,122616,101248,911631,373557,15380,1976757,501557,177455,3000689,997730,294083
25 March 2021,112301,122916,101602,911631,394412,22109,1976757,529155,187424,3000689,1046483,311135
26 March 2021,112301,123199,102584,911631,414506,29341,1976757,554981,211347,3000689,1092686,343272
27 March 2021,112301,123199,102672,911631,425054,31070,1976757,573482,217379,3000689,1121735,351121
28 March 2021,112301,123199,102692,911631,431190,31149,1976757,585999,219264,3000689,1140388,353105
29 March 2021,112301,123199,103537,911631,444817,42494,1976757,610227,242034,3000689,1178243,388065
30 March 2021,112301,123199,104246,911631,460787,54834,1976757,636631,266245,3000689,1220617,425325
31 March 2021,112301,123199,104773,911631,475190,66739,1976757,668989,287470,3000689,1267378,458982
1 April 2021,112301,124396,107368,911631,477295,77431,1976757,699688,300935,3000689,1301379,485734
2 April 2021,112301,124396,107368,911631,485807,80541,1976757,715419,302306,3000689,1325622,490215
3 April 2021,112301,121845,105485,911631,487262,83140,1976757,730364,305602,3000689,1339471,494227
4 April 2021,112301,121850,105514,911631,488136,83786,1976757,742355,308776,3000689,1352341,498076
5 April 2021,112301,122092,106037,911631,493235,109251,1976757,771861,330815,3000689,1387188,546103
6 April 2021,112301,122326,106437,911631,496569,124880,1976757,796248,349648,3000689,1415143,580965
7 April 2021,112301,122553,106800,911631,500370,142698,1976757,813740,369813,3000689,1436663,619311
8 April 2021,112301,123061,107175,911631,507667,148824,1976757,844961,388298,3000689,1475689,644297
9 April 2021,112301,123387,107509,911631,516816,166705,1976757,866503,402918,3000689,1506706,677132
10 April 2021,112301,123474,107573,911631,523861,173234,1976757,880884,406805,3000689,1528219,687612
11 April 2021,112301,123485,107583,911631,526687,177883,1976757,887215,412014,3000689,1537387,697480
12 April 2021,112301,123958,107968,911631,537125,196464,1976757,907936,424562,3000689,1569019,728994
13 April 2021,112301,124255,108205,911631,540904,210810,1976757,918905,430157,3000689,1584064,749172
14 April 2021,112301,124484,108418,911631,543256,231255,1976757,930601,443508,3000689,1598341,783181
15 April 2021,112301,124755,108761,911631,545822,252371,1976757,944880,452555,3000689,1615457,813687
16 April 2021,112301,125148,109038,911631,548314,272887,1976757,959985,458619,3000689,1633447,840544
17 April 2021,112301,125188,109105,911631,549011,278295,1976757,967733,461648,3000689,1641932,849048
18 April 2021,112301,125193,109105,911631,549394,281756,1976757,971708,466276,3000689,1646295,857137
19 April 2021,112301,125459,109299,911631,552556,308789,1976757,990548,475981,3000689,1668563,894069
20 April 2021,112301,125568,109421,911631,554268,320304,1976757,1007563,481378,3000689,1687399,911103
21 April 2021,112301,125808,109615,911631,556786,341170,1976757,1025472,493120,3000689,1708066,943905
22 April 2021,112301,126323,109990,911631,561547,370371,1976757,1058587,515356,3000689,1746457,995717
23 April 2021,112301,126594,110213,911631,564499,387901,1976757,1079773,530125,3000689,1770866,1028239
24 April 2021,112301,126642,110273,911631,565373,392124,1976757,1092495,543877,3000689,1784510,1046274
25 April 2021,112301,126663,110297,911631,565919,394656,1976757,1103805,554636,3000689,1796387,1059589
26 April 2021,112301,126864,110554,911631,568335,416922,1976757,1127512,577131,3000689,1822711,1104607
27 April 2021,112301,127101,110788,911631,570852,432310,1976757,1152521,699388,3000689,1850474,1242486
28 April 2021,112301,127317,111063,911631,572898,446748,1976757,1178054,625051,3000689,1878269,1182862
29 April 2021,112301,127525,111399,911631,574631,453025,1976757,1203940,650068,3000689,1906096,1214492
30 April 2021,112301,127800,111554,911631,576085,455627,1976757,1231164,664088,3000689,1935049,1231269
1 May 2021,112301,127812,111574,911631,576250,456820,1976757,1239584,676798,3000689,1943646,1245192
2 May 2021,112301,127813,111576,911631,576362,457590,1976757,1243811,687800,3000689,1947986,1256966
3 May 2021,112301,128009,111795,911631,577667,462354,1976757,1262887,712884,3000689,1968563,1287033
4 May 2021,112301,128375,112125,911631,578758,466027,1976757,1287142,735527,3000689,1994275,1313679
5 May 2021,112301,128537,112434,911631,579595,470116,1976757,1319068,756711,3000689,2027200,1339261
6 May 2021,112301,128715,112784,911631,581010,475633,1976757,1355054,778273,3000689,2064779,1366690
7 May 2021,112301,128893,113107,911631,581932,482803,1976757,1388224,799276,3000689,2099049,1395186
8 May 2021,112301,128918,113180,911631,582375,484444,1976757,1405753,808129,3000689,2117046,1405753
9 May 2021,112301,128923,113187,911631,582505,485431,1976757,1415570,816952,3000689,2126998,1415570
10 May 2021,112301,129109,113552,911631,583358,496586,1976757,1446273,835742,3000689,2158740,1445880
11 May 2021,112301,129269,113898,911631,583948,499734,1976757,1470603,848188,3000689,2183820,1461820
12 May 2021,112301,129295,113947,911631,584003,500318,1976757,1474854,855317,3000689,2188152,1469582
13 May 2021,112301,129295,113948,911631,584004,500337,1976757,1475068,855498,3000689,2188367,1469783
14 May 2021,112301,129295,113948,911631,584007,500353,1976757,1475317,855736,3000689,2188619,1470037
15 May 2021,112301,129313,113974,911631,584099,501780,1976757,1477975,862142,3000689,2191387,1477896
16 May 2021,112301,129318,113982,911631,584827,502660,1976757,1481782,867073,3000689,2195927,1483715
17 May 2021,112301,129401,114352,911631,585577,507155,1976757,1490559,888577,3000689,2205537,1510084
18 May 2021,112301,129533,114701,911631,586347,510664,1976757,1507872,915320,3000689,2223752,1540685
19 May 2021,112301,129714,115004,911631,587128,514002,1976757,1531144,937777,3000689,2247986,1566783
20 May 2021,112301,129893,115301,911631,587816,517660,1976757,1557616,966272,3000689,2275325,1599233
21 May 2021,112301,130014,115625,911631,588442,520855,1976757,1584442,990835,3000689,2302898,1627315
22 May 2021,112301,130055,115679,911631,588873,521910,1976757,1597118,1007097,3000689,2316046,1644686
23 May 2021,112301,130055,115685,911631,589306,522510,1976757,1605233,1018653,3000689,2324594,1656848
24 May 2021,112301,130064,115709,911631,589583,523390,1976757,1609867,1024668,3000689,2329514,1663767
25 May 2021,112301,130238,116082,911631,590267,526945,1976757,1652727,1061588,3000689,2373232,1704615
26 May 2021,112301,130312,116230,911631,591012,528669,1976757,1676765,1087265,3000689,2398089,1732164
27 May 2021,112301,130439,116619,911631,591661,531718,1976757,1707434,1121955,3000689,2429534,1770292
28 May 2021,112301,133442,119578,911631,591661,531718,1976757,1707434,1121955,3000689,2432537,1773251
29 May 2021,112301,133442,119578,911631,591661,531718,1976757,1707434,1121955,3000689,2432537,1773251
30 May 2021,112301,133466,119600,911631,591661,531718,1976757,1707434,1124013,3000689,2432561,1775331
31 May 2021,112301,133466,119600,911631,591661,531718,1976757,1794667,1145836,3000689,2519794,1797154
1 June 2021,112301,133593,119829,911631,591661,531832,1976757,1794667,1152681,3000689,2519921,1804342
2 June 2021,112301,133773,120240,911631,591661,532949,1976757,1794667,1176722,3000689,2520101,1829911
3 June 2021,112301,135712,120240,911631,593122,533954,1976757,1805312,1180307,3000689,2534146,1834501
4 June 2021,112301,135712,120490,911631,593332,534307,1976757,1846940,1186829,3000689,2575984,1841626
5 June 2021,112301,135712,120490,911631,593332,534407,1976757,1854565,1186860,3000689,2583609,1841757
6 June 2021,112301,135728,120491,911631,593332,534410,1976757,1856406,1186874,3000689,2585466,1841775
7 June 2021,112301,135728,120568,911631,593442,534697,1976757,1878591,1190433,3000689,2607761,1845698
8 June 2021,112301,135728,120568,911631,593442,535079,1976757,1951461,1197044,3000689,2680631,1845698
9 June 2021,112301,135728,120761,911631,593442,535079,1976757,1999271,1199225,3000689,2728441,1845698
10 June 2021,112301,135728,120833,911631,595046,535273,1976757,2059479,1202304,3000689,2790253,1858410
11 June 2021,112301,135728,120932,911631,595046,535273,1976757,2141397,1205366,3000689,2872171,1861571
12 June 2021,112301,135728,120935,911631,595046,535273,1976757,2150108,1205710,3000689,2880882,1861918
13 June 2021,112301,135728,120935,911631,595046,535273,1976757,2150152,1205747,3000689,2880926,1861955
14 June 2021,112301,135728,120935,911631,595046,535273,1976757,2235051,1210934,3000689,2965825,1867142
15 June 2021,112301,135728,120935,911631,595046,535273,1976757,2310799,1215119,3000689,3041573,1871327
16 June 2021,112301,135728,120935,911631,595046,535273,1976757,2400877,1218963,3000689,3131651,1875171
17 June 2021,112301,135728,120935,911631,595046,535273,1976757,2400877,1218963,3000689,3131651,1875171
18 June 2021,112301,135728,120935,911631,595046,535273,1976757,2508477,1224789,8815157,3239251,1880997
19 June 2021,112301,135728,120935,911631,595046,535273,1976757,2613480,1230115,8815157,3344254,1886323
20 June 2021,112301,135728,121377,911631,595654,535273,1976757,2653322,1230107,8815157,3384704,1886757
21 June 2021,112301,135728,121377,911631,595654,535273,1976757,2668463,1230605,8815157,3399845,1887255
22 June 2021,112301,135728,121377,911631,595654,535273,1976757,2781630,1235008,8815157,3513012,1891658
23 June 2021,112301,135728,121377,911631,595654,535273,1976757,2861777,1238158,8815157,3593159,1894808
24 June 2021,112301,135728,121377,911631,595654,535273,1976757,3022069,1241917,8815157,3753451,1898567
25 June 2021,112301,135728,121377,911631,595654,535273,1976757,3152714,1245683,8815157,3884096,1902333
26 June 2021,112301,135728,121377,911631,595654,535273,1976757,3286874,1250631,8815157,4018256,1907281
27 June 2021,112301,135728,121377,911631,595654,535273,1976757,3346354,1254580,8815157,4077736,1911230
28 June 2021,112301,136733,121794,911631,599877,535273,1976757,3368399,1255847,8815157,4105009,1912914
29 June 2021,112301,136733,121794,911631,599877,535273,1976757,3496352,1260595,8815157,4232962,1917662
30 June 2021,112301,136733,121794,911631,599877,535273,1976757,3629039,1263178,8815157,4365649,1920245
1 July 2021,112301,136733,121794,911631,599877,535273,1976757,3761641,1267783,8815157,4498251,1924850
2 July 2021,112301,136733,121794,911631,599877,535273,1976757,3867687,1272047,8815157,4604297,1929114
3 July 2021,112301,136733,121794,911631,599877,535273,1976757,3945402,1274738,8815157,4682012,1931805
4 July 2021,112301,136733,121794,911631,599877,535273,1976757,4064047,1278202,8815157,4800657,1935269
5 July 2021,112301,136733,121794,911631,599877,535273,1976757,4091384,1278790,8815157,4827994,1935857
6 July 2021,112301,136733,121794,911631,599877,535273,1976757,4173066,1281036,8815157,4909676,1938103
7 July 2021,112301,136733,121794,911631,599877,535273,1976757,4336223,1286025,8815157,5072833,1943092
8 July 2021,112301,136733,121794,911631,599877,535273,1976757,4425085,1288054,8815157,5161695,1945121
9 July 2021,112301,136733,121794,911631,599877,535273,1976757,4651990,1293428,8815157,5388600,1950495
10 July 2021,112301,136733,121794,911631,599877,535273,1976757,4686935,1293976,8815157,5423545,1951043
11 July 2021,112301,136733,121794,911631,599877,535273,1976757,4705083,1294418,8815157,5441693,1951485
12 July 2021,112301,136733,121794,911631,599877,535273,1976757,4729394,1294628,8815157,5466004,1951695
13 July 2021,112301,136733,121794,911631,599877,535273,1976757,4807725,1295799,8815157,5544335,1952866
14 July 2021,112301,136733,121794,911631,623508,539719,1976757,5165244,1304367,8815157,5925485,1965880
15 July 2021,112301,136733,121794,911631,625214,539900,1976757,5308046,1308614,8815157,6069993,1970308
16 July 2021,112301,136733,121794,911631,627222,540127,1976757,5473787,1314975,8815157,6237742,1976896
17 July 2021,112301,136733,121794,911631,628944,540338,1976757,5633668,1325708,8815157,6399345,1987840
18 July 2021,112301,136733,121794,911631,629950,540406,1976757,5718225,1334017,8815157,6484908,1996217
19 July 2021,112301,136733,121794,911631,629950,540406,1976757,5771763,1339813,8815157,6538446,2002013
20 July 2021,112301,136733,121794,911631,629950,540406,1976757,5879802,1359286,8815157,6646485,2021486
21 July 2021,112301,136733,121794,911631,629950,540406,1976757,5885328,1359580,8815157,6652011,2021780
22 July 2021,112301,136733,121794,911631,629950,540406,1976757,5986605,1405433,8815157,6753288,2067633
23 July 2021,112301,136733,121794,911631,629950,540406,1976757,6103614,1461849,8815157,6870297,2124049
24 July 2021,112301,141604,123670,911631,629950,540406,1976757,6210875,1527331,8815157,6982429,2191407
25 July 2021,112301,141704,123789,911631,629950,540406,1976757,6278994,1557671,8815157,7050648,2221866
26 July 2021,112301,141739,123811,911631,629950,540406,1976757,6326313,1574659,8815157,7098002,2238876
27 July 2021,112301,141920,124084,911631,629950,540406,1976757,6437603,1657041,8815157,7209473,2321531
28 July 2021,112301,142112,124297,911631,629950,540406,1976757,6554143,1745969,8815157,7326205,2410672
29 July 2021,112301,142317,124541,911631,629950,540406,1976757,6510402,1761561,8815157,7282669,2426508
30 July 2021,112301,142571,124864,911631,629950,540406,1976757,6627899,1877760,8815157,7400420,2543030
31 July 2021,112301,142855,125273,911631,629950,540406,1976757,6734535,2001620,8815157,7507340,2667299
1 August 2021,112301,142972,125395,911631,629950,540406,1976757,6824921,2050320,8815157,7597843,2716121
2 August 2021,112301,143056,125439,911631,738421,629025,1976757,6786017,1990252,8815157,7667494,2744716
3 August 2021,112301,143333,125814,911631,738421,629025,1976757,6918588,2110197,8815157,7800342,2865036
4 August 2021,112301,143589,126105,911631,741612,634130,1976757,7033531,2224009,8815157,7918732,2984244
5 August 2021,112301,143883,126483,911631,744893,635953,1976757,7143488,2320699,8815157,8032264,3083135
6 August 2021,112301,143973,126651,911631,745532,636501,1976757,7212559,2347229,8815157,8102064,3110381
7 August 2021,112301,144251,127046,911631,747355,637868,1976757,7294189,2419482,8815157,8185795,3184396
8 August 2021,112301,144251,127046,911631,754010,641606,1976757,7472929,2647312,8941211,8371190,3415964
9 August 2021,112301,144251,127046,911631,758203,643520,1976757,7605181,2762080,8941211,8507635,3532646
10 August 2021,112301,144251,127046,911631,761941,646255,1976757,7723897,2897904,8941211,8630089,3671205
11 August 2021,112301,144251,127046,911631,764676,648078,1976757,7813719,3009229,8941211,8722646,3784353
12 August 2021,112301,144251,127046,911631,765861,648716,1976757,7861445,3045017,8941211,8771557,3820779
13 August 2021,112301,144512,129007,911631,768414,651907,1976757,7948338,3227035,8941211,8861264,4007949
14 August 2021,112301,144815,129662,911631,770875,654642,1976757,8036003,3397014,8941211,8951693,4181318
15 August 2021,112301,144930,129959,911631,771878,655827,1976757,8100243,3474465,8941211,9017051,4260251
16 August 2021,112301,145012,130106,911631,772972,656556,1976757,8151366,3523733,8941211,9069350,4310395
17 August 2021,112301,145377,130598,911631,774339,658653,1976757,8231512,3645545,8941211,9151228,4434796
18 August 2021,112301,145437,130664,911631,774795,658927,1976757,8270704,3659507,8941211,9190936,4449098
19 August 2021,112301,145760,131099,911631,776527,660659,1976757,8318021,3769857,8941211,9240308,4561615
20 August 2021,112301,146009,131541,911631,778077,662573,1976757,8360969,3885330,8941211,9285055,4679444
21 August 2021,112301,146276,131945,911631,779171,663758,1976757,8393744,3967204,8941211,9319191,4762907
22 August 2021,112301,146472,132277,911631,780174,664943,1976757,8424447,4048051,8941211,9351093,4845271
23 August 2021,112301,146495,132325,911631,780447,665399,1976757,8436966,4081847,8941211,9363908,4879571
24 August 2021,112301,146752,132749,911631,781906,667040,1976757,8480560,4178798,8941211,9409218,4978587
25 August 2021,112301,146976,133152,911631,783547,668863,1976757,8527088,4285995,8941211,9457611,5088010
26 August 2021,112301,147447,133747,911631,785279,670869,1976757,8572954,4392765,8941211,9505680,5197381
27 August 2021,112301,147717,134070,911631,787193,673057,1976757,8619388,4510822,8941211,9554298,5317949
28 August 2021,112301,148087,134753,911631,789563,676339,1976757,8685051,4679799,8941211,9622701,5490891
29 August 2021,112301,148137,134806,911631,789746,676703,1976757,8692003,4695753,8941211,9629886,5507262
30 August 2021,112301,148144,134817,911631,789837,676704,1976757,8692566,4696182,8941211,9630547,5507703
31 August 2021,112301,148371,135265,911631,792025,680168,1976757,8750518,4849271,8941211,9690914,5664704
1 September 2021,112301,148549,135679,911631,793939,682994,1976757,8794671,4964165,8941211,9737159,5782838
2 September 2021,112301,148706,135904,911631,795398,685546,1976757,8829282,5073284,8941211,9773386,5894734
3 September 2021,112301,148919,136308,911631,797221,688468,1976757,8874921,5204054,8941211,9821061,6028830
4 September 2021,112301,149156,136660,911631,798953,691472,1976757,8918236,5338516,8941211,9866345,6166648
5 September 2021,112301,149215,136736,911631,799683,692292,1976757,8941021,5375040,8941211,9889919,6204068
6 September 2021,112301,149230,136752,911631,800138,692931,1976757,8951542,5395864,8941211,9900910,6225547
7 September 2021,112301,149369,137004,911631,801779,696030,1976757,8984961,5519947,8941211,9936109,6352981
8 September 2021,112301,149505,137342,911631,803420,698856,1976757,9020873,5641998,8941211,9973798,6478196
9 September 2021,112301,149657,137582,911631,806793,701226,1976757,9051469,5753145,8941211,10007919,6591953
10 September 2021,112301,149824,137875,911631,814725,709613,1976757,9078159,5874144,8941211,10042708,6721632
11 September 2021,112301,177478,161229,911631,815454,710707,1976757,9090235,5999406,8941211,10083167,6871342
12 September 2021,112301,177478,161283,911631,815545,711072,1976757,9095189,6018966,8941211,10088212,6891321
13 September 2021,112301,177478,161319,911631,815909,711437,1976757,9101972,6038253,8941211,10095359,6911009
14 September 2021,112301,177483,161693,911631,817277,713351,1976757,9129541,6148243,8941211,10124301,7023287
15 September 2021,112301,177663,162072,911631,818189,714536,1976757,9147818,6238476,8941211,10143670,7115084
16 September 2021,112301,177901,162537,911631,819556,716450,1976757,9172506,6340474,8941211,10169963,7219461
17 September 2021,112301,177985,162695,911631,820376,716906,1976757,9189604,6374609,8941211,10187965,7254210
18 September 2021,112301,178023,163111,911631,821835,718183,1976757,9221314,6475650,8941211,10221172,7356944
19 September 2021,112301,178023,163231,911631,822473,719550,1976757,9231868,6524554,8941211,10232364,7407335
20 September 2021,112301,178040,163274,911631,823020,719915,1976757,9241610,6539356,8941211,10242670,7422545
21 September 2021,112301,178102,163332,911631,823932,720097,1976757,9252479,6542371,8941211,10254513,7425800
22 September 2021,112301,178562,163988,911631,825299,721100,1976757,9285797,6608231,8941211,10289658,7493319
23 September 2021,112301,178646,164106,911631,826211,721282,1976757,9303235,6629697,8941211,10308092,7515085
24 September 2021,112301,178704,164425,911631,827852,723014,1976757,9329826,6689925,8941211,10336382,7577364
25 September 2021,112301,178734,164678,911631,828581,724473,1976757,9347823,6727631,8941211,10355138,7616782
26 September 2021,112301,178762,164828,911631,829311,725293,1976757,9363307,6749092,8941211,10371380,7639213
27 September 2021,112301,178785,164897,911631,829949,725932,1976757,9376836,6764513,8941211,10385570,7655342
28 September 2021,112301,178877,165129,761279,694246,607208,1976757,9539129,6915632,8941211,10412252,7687969
29 September 2021,112301,179173,165556,761279,695078,608334,1976757,9560284,6946137,8941211,10434535,7720027
30 September 2021,112301,179523,165857,761279,696009,609120,1976757,9579783,6969568,8941211,10455315,7744545
1 October 2021,112301,179617,166030,761279,696602,609938,1976757,9597472,6993519,8941211,10473691,7769487
2 October 2021,112301,179645,166268,761279,697363,610773,1976757,9616306,7017921,8941211,10493314,7794962
3 October 2021,112301,179773,166415,761279,697737,611015,1976757,9624944,7025165,8941211,10502454,7802595
4 October 2021,112301,179781,166428,761279,698003,611144,1976757,9629182,7029379,8941211,10506966,7806951
5 October 2021,112301,179920,166628,761279,698960,612061,1976757,9649141,7052282,8941211,10528021,7830971
6 October 2021,112301,179963,166774,761279,699856,612563,1976757,9666136,7068991,8941211,10545955,7848328
7 October 2021,112301,180049,166927,761279,700692,613788,1976757,9685163,7094318,8941211,10565904,7875033
8 October 2021,112301,180257,167221,761279,701720,614278,1976757,9709538,7113723,8941211,10591515,7895222
9 October 2021,112301,180379,167435,761279,702526,615782,1976757,9728063,7148318,8941211,10610968,7931535
10 October 2021,112301,180416,167470,761279,702886,616084,1976757,9736728,7156439,8941211,10620030,7939993
11 October 2021,112301,180416,167596,761279,703597,616725,1976757,9759254,7190936,8941211,10643267,7975257
12 October 2021,112301,180416,167724,761279,704531,617774,1976757,9777196,7214649,8941211,10662143,8000147
13 October 2021,112301,180737,168103,761279,705512,618266,1976757,9796473,7233893,8941211,10682722,8020262
14 October 2021,112301,180842,168276,761279,706473,619798,1976757,9813076,7265511,8941211,10700391,8053585
15 October 2021,112301,180995,168721,761279,707554,620973,1976757,9839701,7298387,8941211,10728250,8088081
16 October 2021,112301,181061,168971,761279,708409,621980,1976757,9856322,7324444,8941211,10745792,8115395
17 October 2021,112301,181066,169031,761279,708778,622411,1976757,9863109,7338046,8941211,10752953,8129488
18 October 2021,112301,181079,169056,761279,708976,622411,1976757,9866766,7344768,8941211,10756821,8136235
19 October 2021,112301,181209,169254,761279,709792,623654,1976757,9880149,7367654,8941211,10771150,8160562
20 October 2021,112301,181209,169254,761279,709792,623654,1976757,9880149,7367654,8941211,10771150,8160562
21 October 2021,112301,181237,169386,761279,710618,624597,1976757,9894745,7391487,8941211,10786600,8185470
22 October 2021,112301,181291,169513,761279,711523,625295,1976757,9906015,7410153,8941211,10798829,8204961
23 October 2021,112301,181407,169807,761279,712584,627055,1976757,9925201,7448417,8941211,10819192,8245279
24 October 2021,112301,181488,169887,761279,712979,627379,1976757,9931166,7456772,8941211,10825633,8254038
25 October 2021,112301,181496,169903,761279,713313,627531,1976757,9934824,7460339,8941211,10829633,8257773
26 October 2021,112301,181530,170042,761279,714249,628786,1976757,9949597,7489140,8941211,10845376,8287968
27 October 2021,112301,181558,170201,761279,714853,629427,1976757,9959021,7506297,8941211,10855432,8305925
28 October 2021,112301,181604,170334,761279,715407,630493,1976757,9968700,7528652,8941211,10865711,8329479
29 October 2021,112301,181628,170398,761279,715749,630765,1976757,9974532,7538539,8941211,10871909,8339702
30 October 2021,112301,181774,170775,761279,716922,632657,1976757,9992553,7582349,8941211,10891249,8385781
31 October 2021,112301,181790,170800,761279,717152,632913,1976757,9996182,7588597,8941211,10895124,8392310
1 November 2021,112301,181848,170893,761279,717234,633066,1976757,9998346,7594446,8941211,10897428,8398405
2 November 2021,112301,181871,170972,761279,717740,634050,1976757,10007863,7617141,8941211,10907474,8422163
3 November 2021,112301,181901,171126,761279,718495,635292,1976757,10018885,7647314,8941211,10919281,8453732
4 November 2021,112301,181944,171324,761279,719139,636456,1976757,10029747,7674589,8941211,10930830,8482369
5 November 2021,112301,181983,171506,761279,719837,637599,1976757,10039809,7703458,8941211,10941629,8512563
6 November 2021,112301,182016,171638,761279,720296,638600,1976757,10048232,7729904,8941211,10950544,8540142
7 November 2021,112301,182056,171759,761279,720539,638897,1976757,10052155,7738555,8941211,10954750,8549211
8 November 2021,112301,182056,171772,761279,720639,638995,1976757,10053776,7742774,8941211,10956471,8553541
9 November 2021,112301,182064,171901,761279,721339,639989,1976757,10067055,7770536,8941211,10970458,8582426
10 November 2021,112301,182119,172022,761279,721866,640721,1976757,10075605,7791835,8941211,10979590,8604578
11 November 2021,112301,182157,172050,761279,721874,640723,1976757,10078686,7791901,8941211,10982717,8604674
12 November 2021,112301,182200,172198,761279,722058,641086,1976757,10084184,7812956,8941211,10988442,8626240
13 November 2021,112301,182233,172553,761279,723289,643622,1976757,10099272,7873767,8941211,11004794,8689942
14 November 2021,112301,182310,172664,761279,723409,643944,1976757,10101035,7883192,8941211,11006754,8699800
15 November 2021,112301,182310,172672,761279,723495,644078,1976757,10102382,7887181,8941211,11008187,8703931
16 November 2021,112301,182310,172812,761279,724017,645261,1976757,10110465,7917163,8941211,11016792,8735236
17 November 2021,112301,182343,172951,761279,724516,646387,1976757,10118593,7945342,8941211,11025452,8764680
18 November 2021,112301,182401,173011,761279,758813,670824,1976757,10087866,7926372,8941211,11029080,8770207
19 November 2021,112301,182429,173128,761279,759272,671661,1976757,10094367,7946493,8941211,11036068,8791282
20 November 2021,112301,182429,173128,761279,771134,683701,1976757,10096101,7990942,8941211,11049664,8847771
21 November 2021,112301,182429,173128,761279,771280,684068,1976757,10097917,7998760,8941211,11051626,8855956
22 November 2021,112301,182429,173128,761279,771354,684226,1976757,10099154,8002521,8941211,11052937,8859875
23 November 2021,112301,182429,173267,761279,771920,655742,1976757,10106928,8058761,8941211,11061277,8887770
24 November 2021,112301,182812,174102,761279,772521,687178,1976757,10115110,8053691,8941211,11070443,8914971
25 November 2021,112301,182812,174102,761279,773229,688677,1976757,10123599,8081493,8941211,11079640,8944272
26 November 2021,112301,182718,174236,761279,773229,688677,1976757,10128298,8094803,8941211,11084245,8957716
27 November 2021,112301,182430,174236,761279,773229,689417,1976757,10134197,8103764,8941211,11089856,8967417
28 November 2021,112301,182430,174236,761279,773536,690527,1976757,10135909,8122361,8941211,11091875,8987124
29 November 2021,112301,182430,174236,761279,773678,690776,1976757,10137279,8127118,8941211,11093387,8992130
30 November 2021,112301,182430,174236,761279,774207,692182,1976757,10143724,8148499,8941211,11100361,9014917
1 December 2021,112301,183319,175231,761279,774642,693079,1976757,10148871,8165763,8941211,11106832,9034073
2 December 2021,112301,182993,175231,761279,775150,693995,1976757,10154614,8180811,8941211,11112757,9050037
3 December 2021,112301,184450,176407,761279,775630,694949,1976757,10158836,8195190,8941211,11118916,9066546
4 December 2021,112301,184450,176407,761279,776086,695806,1976757,10164455,8211617,8941211,11124991,9083830
5 December 2021,112301,184450,176455,761279,776199,695994,1976757,10165722,8215178,8941211,11126371,9087627
6 December 2021,112301,184450,176455,761279,776246,696040,1976757,10166337,8216104,8941211,11127033,9088599
7 December 2021,112301,184450,176455,761279,776663,696955,1976757,10171578,8230010,8941211,11132691,9103420
8 December 2021,112301,184450,176455,761279,776815,697280,1976757,10174511,8236756,8941211,11135776,9110491
9 December 2021,112301,184450,176455,761279,777249,698122,1976757,10179431,8249678,8941211,11141130,9124255
10 December 2021,112301,184450,176455,761279,777683,698940,1976757,10184458,8262169,8941211,11146591,9137564
11 December 2021,112301,184450,176472,761279,778242,699680,1976757,10190987,8275051,8941211,11153679,9151203
12 December 2021,112301,184450,176472,761279,778359,699847,1976757,10192404,8277887,8941211,11155213,9154206
13 December 2021,112301,184450,176472,761279,778393,699883,1976757,10193190,8279239,8941211,11156033,9155594
14 December 2021,112301,184450,176472,761279,778775,700515,1976757,10198300,8288890,8941211,11161525,9165877
15 December 2021,112301,184450,176472,761279,779186,701201,1976757,10213498,8300094,8941211,11177134,9177767
16 December 2021,112301,184450,176472,761279,779521,701766,1976757,10250604,8309345,8941211,11214575,9187583
17 December 2021,112301,184450,176472,761279,779933,702357,1976757,10295021,8318568,8941211,11259404,9197397
18 December 2021,112301,184450,176472,761279,780274,702814,1976757,10342706,8327473,8941211,11307430,9206759
19 December 2021,112301,184450,176472,761279,780405,702945,1976757,10347004,8329765,8941211,11311859,9209182
20 December 2021,112301,184450,176472,761279,780428,702957,1976757,10347623,8330148,8941211,11312501,9209577
21 December 2021,112301,184450,176472,761279,780837,703476,1976757,10406194,8338807,8941211,11371481,9218755
22 December 2021,112301,184450,176472,761279,781153,703823,1976757,10434440,8345651,10083716,11400043,9225946
23 December 2021,112301,184450,176472,992461,781666,704418,1976757,10510348,8356108,10083716,11476464,9236998
24 December 2021,112301,184450,176565,992461,782127,704955,1976757,10573345,8365479,10083716,11539922,9246999
25 December 2021,112301,184450,176565,992461,782436,705375,1976757,10633335,8373769,10083716,11600221,9255709
26 December 2021,112301,184450,176565,992461,782480,705409,1976757,10635324,8374431,10083716,11602254,9256405
27 December 2021,112301,184450,176565,992461,782521,705479,1976757,10637684,8375617,10083716,11604655,9257661
28 December 2021,112301,184450,176565,992461,782917,705989,1976757,10672893,8384943,10083716,11640260,9267497
29 December 2021,112301,184450,176615,992461,783294,706515,1976757,10734852,8394595,10083716,11702596,9277725
30 December 2021,112301,184450,176884,992461,783718,707024,1976757,10777053,8403146,10083716,11745221,9287054
31 December 2021,112301,184450,176884,992461,784076,707494,1976757,10820045,8411690,10083716,11788571,9296068
1 January 2022,112301,184450,176884,992461,784402,707859,1976757,10850460,8418735,10083716,11819312,9303478
2 January 2022,112301,184450,176884,992461,784427,707883,1976757,10851839,8419251,10083716,11820716,9304018
3 January 2022,112301,184450,176884,992461,784453,707893,1976757,10853408,8419514,10083716,11822311,9304291
4 January 2022,112301,184450,177138,992461,784698,708272,1976757,10878589,8425092,10083716,11847737,9310502
5 January 2022,112301,184450,177138,992461,784760,708381,1976757,10903678,8426603,10083716,11872888,9312122
6 January 2022,112301,184450,177138,992461,785181,708986,1976757,10933482,8436273,10083716,11903113,9322397
7 January 2022,112301,184450,177138,992461,785494,709362,1976757,10960015,8441924,10083716,11929959,9328424
8 January 2022,112301,184450,177138,992461,785706,709736,1976757,10983956,8447723,10083716,11954112,9334597
9 January 2022,112301,184450,177138,992461,785800,709841,1976757,10992232,8449329,10083716,11962482,9336308
10 January 2022,112301,184450,177138,992461,785839,709872,1976757,10997881,8450025,10083716,11968170,9337035
11 January 2022,112301,184450,177138,992461,786126,710256,1976757,11017979,8455423,10083716,11988555,9342817
12 January 2022,112301,184450,177138,992461,786127,710263,1976757,11018882,8455613,10083716,11989459,9343014
13 January 2022,112301,184450,177138,992461,786646,710995,1976757,11055248,8467599,10083716,12026344,9355732
14 January 2022,112301,184450,177138,992461,786888,711329,1976757,11069726,8473879,10083716,12041064,9362346
15 January 2022,112301,184450,177138,992461,787210,711744,1976757,11081373,8480232,10083716,12053033,9369114
16 January 2022,112301,184450,177138,992461,787296,711808,1976757,11086227,8569977,10083716,12057973,9458923
17 January 2022,112301,184450,177138,992461,787752,712356,1976757,11090806,8573725,10083716,12063008,9463219
18 January 2022,112301,184450,177138,992461,788187,712957,1976757,11098613,8617945,10083716,12071250,9508040
19 January 2022,112301,184450,177138,992461,788985,713978,1976757,11105049,8668775,10083716,12078484,9559891
20 January 2022,112301,184450,177138,992461,789564,714708,1976757,11111415,8719383,10083716,12085429,9611229
21 January 2022,112301,184450,177138,992461,790317,715717,1976757,11118223,8771669,10083716,12092990,9664524
22 January 2022,112301,184450,177138,992461,791025,716555,1976757,11123853,8812371,10083716,12099328,9706064
23 January 2022,112301,184450,177138,992461,791225,716777,1976757,11125277,8815101,10083716,12100952,9709016
24 January 2022,112301,184450,177138,992461,791266,716823,1976757,11125659,8815570,10083716,12101375,9709531
25 January 2022,112301,184450,177138,992461,791916,717650,1976757,11131453,8860169,10083716,12107819,9754957
26 January 2022,112301,184450,177138,992461,792520,718504,1976757,11136594,8900729,10083716,12113564,9796371
27 January 2022,112301,184450,177138,992461,793172,719398,1976757,11141253,8938171,10083716,12118875,9834707
28 January 2022,112301,184450,177138,992461,793663,720121,1976757,11145995,8974260,10083716,12124108,9871519
29 January 2022,112301,184450,177138,992461,793776,720312,1976757,11149137,8997021,10083716,12127363,9894471
30 January 2022,112301,184450,177138,992461,794352,721006,1976757,11151368,9007983,10083716,12130170,9906127
31 January 2022,112301,184450,177138,992461,794354,721007,1976757,11151467,9008125,10083716,12130271,9906270
1 February 2022,112301,184450,177138,992461,794767,721595,1976757,11155535,9033999,10083716,12134752,9932732
2 February 2022,112301,184450,177138,992461,794801,721643,1976757,11155884,9034793,10083716,12135135,9933574
3 February 2022,112301,184450,177138,992461,794913,721857,1976757,11158641,9060254,10083716,12138004,9959249
4 February 2022,112301,184450,177138,992461,795460,722606,1976757,11162918,9086147,10083716,12142828,9985891
5 February 2022,112301,184450,177138,992461,795796,723070,1976757,11166112,9109245,10083716,12146358,10009453
6 February 2022,112301,184450,177138,992461,795885,723182,1976757,11167180,9112765,10083716,12147515,10013085
7 February 2022,112301,184450,177138,992461,795885,723183,1976757,11167334,9112799,10083716,12147669,10013120
8 February 2022,112301,184450,177138,992461,796229,723700,1976757,11170068,9135496,10083716,12150747,10036334
9 February 2022,112301,184450,177138,992461,796535,724111,1976757,11172209,9152483,10083716,12153194,10053732
10 February 2022,112301,184450,177138,992461,796700,724422,1976757,11175057,9170720,10083716,12156207,10072280
11 February 2022,112301,184450,177138,992461,796850,724706,1976757,11177764,9188032,10083716,12159064,10089876
12 February 2022,112301,184450,177138,992461,796904,724882,1976757,11179685,9202782,10083716,12161039,10104802
13 February 2022,112301,184450,177138,992461,796904,724882,1976757,11180860,9206312,10083716,12162214,10108332
14 February 2022,112301,184450,177138,992461,796904,724882,1976757,11181131,9207326,10083716,12162485,10109346
15 February 2022,112301,184450,177138,992461,796904,724882,1976757,11183592,9217772,10083716,12164946,10119792
16 February 2022,112301,184450,177138,992461,796904,724882,1976757,11186270,9229567,10083716,12167624,10131587
17 February 2022,112301,184450,177138,992461,796904,724882,1976757,11188668,9240293,10083716,12170022,10142313
18 February 2022,112301,184450,177138,992461,796904,724882,1976757,11410554,9465964,10083716,12391908,10367984
19 February 2022,112301,184450,177138,992461,796904,724882,1976757,11412736,9475305,10083716,12394090,10377325
20 February 2022,112301,184450,177138,992461,796904,724882,1976757,11413424,9476162,10083716,12394778,10378182
21 February 2022,112301,184450,177138,992461,796904,724882,1976757,11413681,9476348,10083716,12395035,10378368
22 February 2022,112301,184450,177138,992461,796904,724882,1976757,11415389,9484594,10083716,12396743,10386614
23 February 2022,112301,184450,177138,992461,796904,724882,1976757,11418089,9494029,10083716,12399443,10396049
24 February 2022,112301,184450,177138,992461,796904,724882,1976757,11420156,9502201,10083716,12401510,10404221
25 February 2022,112301,184450,177138,992461,796904,724882,1976757,11422195,9511047,10083716,12403549,10413067
26 February 2022,112301,184450,177138,992461,796904,724882,1976757,11423636,9518069,10083716,12404990,10420089
27 February 2022,112301,184450,177138,992461,796904,724882,1976757,11423657,9518084,10083716,12405011,10420104
28 February 2022,112301,184450,177138,992461,796904,724882,1976757,11424109,9518712,10083716,12405463,10420732
1 March 2022,112301,184450,177138,992461,796904,724882,1976757,11425307,9522231,10083716,12406661,10424251
2 March 2022,112301,184450,177138,992461,796904,724882,1976757,11425344,9522333,10083716,12406698,10424353
3 March 2022,112301,184450,177138,992461,796904,724882,1976757,11427769,9532854,10083716,12409123,10434874
4 March 2022,112301,184450,177138,992461,796904,724882,1976757,11430470,9533521,10083716,12411824,10435541
5 March 2022,112301,184450,177138,992461,796904,724882,1976757,11432732,9539442,10083716,12414086,10441462
6 March 2022,112301,184450,177138,992461,796904,724882,1976757,11433310,9539442,10083716,12414664,10441462
7 March 2022,112301,184450,177138,992461,796904,724882,1976757,11433562,9539442,10083716,12414916,10441462
8 March 2022,112301,184450,177138,992461,796904,724882,1976757,11435414,9541966,10083716,12416768,10443986
9 March 2022,112301,184450,177138,992461,796904,724882,1976757,11436368,9548259,10083716,12417722,10450279
10 March 2022,112301,184450,177138,992461,796904,724882,1976757,11437311,9554503,10083716,12418665,10456523
11 March 2022,112301,184450,177138,992461,796904,724920,1976757,11441982,9558839,10083716,12423336,10460897
12 March 2022,112301,184450,177138,992461,796904,725012,1976757,11444311,9563414,10083716,12425665,10465564
13 March 2022,112301,184450,177138,992461,796904,725649,1976757,11446396,9576043,10083716,12427750,10478830
14 March 2022,112301,184450,177138,992461,796904,725666,1976757,11447160,9576561,10083716,12428514,10479365
15 March 2022,112301,184450,177138,992461,796904,725694,1976757,11447160,9577737,10083716,12428514,10480569
16 March 2022,112301,184450,177138,992461,796904,725944,1976757,11455390,9583606,10083716,12436744,10486688
17 March 2022,112301,184450,177138,992461,796904,726088,1976757,11458497,9588073,10083716,12439851,10491299
18 March 2022,112301,184450,177138,992461,796904,726265,1976757,11461233,9593398,10083716,12442587,10496801
19 March 2022,112301,184450,177138,992461,796904,726314,1976757,11463269,9595568,10083716,12444623,10499020
20 March 2022,112301,184450,177138,992461,796904,726324,1976757,11464493,9596069,10083716,12445847,10499531
21 March 2022,112301,184450,177138,992461,796904,726324,1976757,11464493,9596411,10083716,12445847,10499873
22 March 2022,112301,184450,177138,992461,797068,726960,1976757,11469651,9616796,10083716,12451169,10520894
23 March 2022,112301,184450,177138,992461,797068,726960,1976757,11470834,9620032,10083716,12452352,10524130
24 March 2022,112301,184450,177138,992461,797068,726960,1976757,11471600,9620906,10083716,12453118,10525004
25 March 2022,112301,184450,177138,992461,797068,726960,1976757,11471600,9622271,10083716,12453118,10526369
26 March 2022,112301,184450,177138,992461,797068,726960,1976757,11471600,9635994,10083716,12453118,10540092
27 March 2022,112301,184450,177138,992461,797068,726960,1976757,11471600,9637345,10083716,12453118,10541443
28 March 2022,112301,184450,177138,992461,797068,726960,1976757,11472874,9638916,10083716,12454392,10543014
29 March 2022,112301,184450,177138,992461,797068,726960,1976757,11477736,9647642,10083716,12459254,10551740
30 March 2022,112301,184450,177138,992461,797068,727132,1976757,11486691,9653730,10083716,12468209,10558000
31 March 2022,112301,184450,177138,992461,797068,727194,1976757,11489926,9658639,10083716,12471444,10562971
1 April 2022,112301,184450,177138,992461,797068,727194,1976757,11490207,9661980,10083716,12471725,10566312
2 April 2022,112301,184450,177138,992461,797068,727302,1976757,11496033,9669431,10083716,12477551,10573871
3 April 2022,112301,184450,177138,992461,797068,727302,1976757,11496033,9670752,10083716,12477551,10575192
4 April 2022,112301,184450,177138,992461,797068,727302,1976757,11496033,9670920,10083716,12477551,10575360
5 April 2022,112301,184450,177138,992461,797068,727302,1976757,11497902,9675165,10083716,12479420,10579605
6 April 2022,112301,184450,177138,992461,797068,727411,1976757,11501615,9681071,10083716,12483133,10585620
7 April 2022,112301,184450,177138,992461,797068,727462,1976757,11503878,9682574,10083716,12485396,10587174
8 April 2022,112301,184450,177138,992461,797068,727462,1976757,11506352,9686712,10083716,12487870,10591312
9 April 2022,112301,184450,177138,992461,797068,727462,1976757,11508967,9690538,10083716,12490485,10595138
10 April 2022,112301,184450,177138,992461,797068,727462,1976757,11510361,9706368,10083716,12491879,10610968
11 April 2022,112301,184450,177138,992461,797068,727462,1976757,11511227,9707871,10083716,12492745,10612471
12 April 2022,112301,184450,177138,992461,797068,727462,1976757,11513765,9711641,10083716,12495283,10616241
13 April 2022,112301,184450,177138,992461,797068,727462,1976757,11515656,9713538,10083716,12497174,10618138
14 April 2022,112301,184450,177138,992461,797068,727462,1976757,11519937,9717835,10083716,12501455,10622435
15 April 2022,112301,184450,177138,992461,797068,727462,1976757,11523248,9721026,10083716,12504766,10625626
16 April 2022,112301,184450,177138,992461,797068,727462,1976757,11524152,9724470,10083716,12505670,10629070
17 April 2022,112301,184450,177138,992461,797068,727462,1976757,11526056,9727853,10083716,12507574,10632453
18 April 2022,112301,184450,177138,992461,797068,727462,1976757,11527292,9729533,10083716,12508810,10634133
19 April 2022,112301,184450,177138,992461,797068,727462,1976757,11529479,9734388,10083716,12510997,10638988
20 April 2022,112301,184450,177138,992461,797068,727462,1976757,11532562,9737476,10083716,12514080,10642076
21 April 2022,112301,184450,177138,992461,798158,729550,1976757,11533952,9739237,10083716,12516560,10645925
22 April 2022,112301,184450,177138,992461,798267,729712,1976757,11534946,9744231,10083716,12517663,10651081
23 April 2022,112301,184450,177138,992461,798336,729775,1976757,11537233,9745725,10083716,12520019,10652638
24 April 2022,112301,184450,177138,992461,798390,729815,1976757,11539069,9746725,10083716,12521909,10653678
25 April 2022,112301,184450,177138,992461,798424,729824,1976757,11540563,9747098,10083716,12523437,10654060
26 April 2022,112301,184450,177138,992461,798530,729954,1976757,11542210,9750385,10083716,12525190,10657477
27 April 2022,112301,184450,177138,992461,798639,730167,1976757,11543194,9755692,10083716,12526283,10662997
28 April 2022,112301,184450,177138,992461,798696,730347,1976757,11543137,9760449,10083716,12526283,10667934
29 April 2022,112301,184450,177138,992461,798745,730453,1976757,11543088,9763449,10083716,12526283,10671040
30 April 2022,112301,184450,177138,992461,798745,730453,1976757,11543088,9763449,10083716,12526283,10671040
1 May 2022,112301,184450,177138,992461,798745,730453,1976757,11543088,9763449,10083716,12526283,10671040
2 May 2022,112301,184450,177138,992461,798745,730478,1976757,11543088,9765980,10083716,12526283,10673596
3 May 2022,112301,184450,177138,992461,798745,730493,1976757,11543088,9766393,10083716,12526283,10674024
4 May 2022,112301,184450,177138,992461,798745,730526,1976757,11543088,9767157,10083716,12526283,10674821
5 May 2022,112301,184450,177138,992461,798745,730535,1976757,11543088,9767231,10083716,12526283,10674904
6 May 2022,112301,184450,177138,992461,798745,730539,1976757,11543088,9767322,10083716,12526283,10674999
7 May 2022,112301,184450,177138,992461,798745,730549,1976757,11543088,9767432,10083716,12526283,10675119
8 May 2022,112301,184450,177138,992461,798745,730557,1976757,11543088,9767511,10083716,12526283,10675206
9 May 2022,112301,184450,177138,992461,798745,730560,1976757,11543088,9767600,10083716,12526283,10675298
10 May 2022,112301,184450,177138,992461,798745,730674,1976757,11543088,9769801,10083716,12526283,10677613
11 May 2022,112301,184450,177138,992461,798745,730774,1976757,11543088,9771434,10083716,12526283,10679346
12 May 2022,112301,184450,177138,992461,798745,730859,1976757,11543088,9773386,10083716,12526283,10681383
13 May 2022,112301,184450,177138,992461,798745,730944,1976757,11543088,9775043,10083716,12526283,10683125
14 May 2022,112301,184450,177138,992461,798745,731023,1976757,11543088,9776821,10083716,12526283,10684982
15 May 2022,112301,184450,177138,992461,798761,731117,1976757,11543072,9778183,10083716,12526283,10686438
16 May 2022,112301,184450,177138,992461,798775,731123,1976757,11543058,9778281,10083716,12526283,10686542
17 May 2022,112301,184450,177138,992461,798805,731155,1976757,11543028,9778891,10083716,12526283,10687184
18 May 2022,112301,184450,177138,992461,798856,731219,1976757,11542977,9779847,10083716,12526283,10688204
19 May 2022,112301,184450,177138,992461,798936,731284,1976757,11542897,9781214,10083716,12526283,10689636
20 May 2022,112301,184450,177138,992461,799039,731420,1976757,11542794,9784004,10083716,12526283,10692562
21 May 2022,112301,184450,177138,992461,799114,731545,1976757,11542719,9785954,10083716,12526283,10694637
22 May 2022,112301,184450,177138,992461,799122,731578,1976757,11542711,9786517,10083716,12526283,10695233
23 May 2022,112301,184450,177138,992461,799133,731599,1976757,11542700,9786751,10083716,12526283,10695488
24 May 2022,112301,184450,177138,992461,799198,731646,1976757,11542635,9787835,10083716,12526283,10696619
25 May 2022,112301,184450,177138,992461,799264,731704,1976757,11542569,9789010,10083716,12526283,10697852
26 May 2022,112301,184450,177138,992461,799339,731769,1976757,11543432,9790179,10083716,12527221,10699086
27 May 2022,112301,184450,177138,992461,799355,731792,1976757,11543460,9790617,10083716,12527265,10699547
28 May 2022,112301,184450,177138,992461,799414,731842,1976757,11544697,9791789,10083716,12528561,10700769
29 May 2022,112301,184450,177138,992461,799440,731868,1976757,11544895,9792084,10083716,12528785,10701090
30 May 2022,112301,184450,177138,992461,799448,731878,1976757,11545065,9792221,10083716,12528963,10701237
31 May 2022,112301,184450,177138,992461,799517,731943,1976757,11546329,9793234,10083716,12530296,10702315
1 June 2022,112301,184450,177138,992461,799564,732008,1976757,11547537,9794188,10083716,12531551,10703334
2 June 2022,112301,184450,177138,992461,799585,732023,1976757,11547877,9794495,10083716,12531912,10703656
3 June 2022,112301,184450,177138,992461,799632,732080,1976757,11548879,9795482,10083716,12532961,10704700
4 June 2022,112301,184450,177138,992461,799681,732135,1976757,11549970,9796461,10083716,12534101,10705734
5 June 2022,112301,184450,177138,992461,799703,732157,1976757,11550300,9796902,10083716,12534453,10706197
6 June 2022,112301,184450,177138,992461,799710,732167,1976757,11550403,9797119,10083716,12534563,10706424
7 June 2022,112301,184450,177138,992461,799802,732231,1976757,11552602,9798029,10083716,12536854,10707398
8 June 2022,112301,184450,177138,992461,799846,732316,1976757,11553582,9798995,10083716,12537878,10708449
9 June 2022,112301,184450,177138,992461,799896,732390,1976757,11554719,9800012,10083716,12539065,10709540
10 June 2022,112301,184450,177138,992461,799923,732434,1976757,11555590,9800664,10083716,12539963,10710236
11 June 2022,112301,184450,177138,992461,799961,732473,1976757,11556705,9801558,10083716,12541116,10711169
12 June 2022,112301,184450,177138,992461,799976,732488,1976757,11557000,9801783,10083716,12541426,10711409
13 June 2022,112301,184450,177138,992461,799998,732504,1976757,11557239,9801960,10083716,12541687,10711602
14 June 2022,112301,184450,177138,992461,800053,732585,1976757,11558050,9803150,10083716,12542553,10712873
15 June 2022,112301,184450,177138,992461,800097,732650,1976757,11558990,9804197,10083716,12543537,10713985
16 June 2022,112301,184450,177138,992461,800169,732703,1976757,11559971,9805147,10083716,12544590,10714988
17 June 2022,112301,184450,177138,992461,800258,732747,1976757,11560962,9806182,10083716,12545670,10716067
18 June 2022,112301,184450,177138,992461,800296,732794,1976757,11562058,9807300,10083716,12546804,10717232
19 June 2022,112301,184450,177138,992461,800325,732818,1976757,11562465,9807699,10083716,12547240,10717655
20 June 2022,112301,184450,177138,992461,800337,732834,1976757,11562757,9807992,10083716,12547544,10717964
21 June 2022,112301,184450,177138,992461,800390,732904,1976757,11563947,9809275,10083716,12548787,10719317
22 June 2022,112301,184450,177138,992461,800436,732933,1976757,11565146,9810045,10083716,12550032,10720116
23 June 2022,112301,184450,177138,992461,800515,733059,1976757,11565868,9812263,10083716,12550833,10722460
24 June 2022,112301,184450,177138,992461,800570,733143,1976757,11566873,9813762,10083716,12551893,10724043
25 June 2022,112301,184450,177138,992461,800609,733172,1976757,11567951,9814500,10083716,12553010,10724810
26 June 2022,112301,184450,177138,992461,800663,733254,1976757,11568294,9815971,10083716,12553407,10726363
27 June 2022,112301,184450,177138,992461,800721,733287,1976757,11568515,9816490,10083716,12553686,10726915
28 June 2022,112301,184450,177138,992461,800771,733329,1976757,11569707,9817259,10083716,12554928,10727726
29 June 2022,112301,184450,177138,992461,800815,733388,1976757,11570707,9818996,10083716,12555972,10729522
30 June 2022,112301,184450,177138,992461,800877,733437,1976757,11572013,9819890,10083716,12557340,10730465
1 July 2022,112301,184450,177138,992461,800957,733551,1976757,11573344,9821994,10083716,12558751,10732683
